Matchday,Planned Kickoff,Actual Kickoff,Home Team,Away Team,Home Team Code,Away Team Code,Home Score Fulltime,Away Score Fulltime,Home Score Halftime,Away Score Halftime,Match Status,Match ID
1,2025-08-22T18:30:00+0000,2025-08-22T18:31:27+0000,FC Bayern München,RB Leipzig,FCB,RBL,6,0,3,0,FINAL_WHISTLE,DFL-MAT-J041U6
1,2025-08-23T13:30:00+0000,2025-08-23T13:30:01+0000,Bayer 04 Leverkusen,TSG Hoffenheim,B04,TSG,1,2,1,1,FINAL_WHISTLE,DFL-MAT-J041U7
1,2025-08-23T13:30:00+0000,2025-08-23T13:30:02+0000,Eintracht Frankfurt,SV Werder Bremen,SGE,SVW,4,1,2,0,FINAL_WHISTLE,DFL-MAT-J041U8
1,2025-08-23T13:30:00+0000,2025-08-23T13:30:02+0000,Sport-Club Freiburg,FC Augsburg,SCF,FCA,1,3,0,3,FINAL_WHISTLE,DFL-MAT-J041U9
1,2025-08-23T13:30:00+0000,2025-08-23T13:30:11+0000,1. FC Union Berlin,VfB Stuttgart,FCU,VFB,2,1,2,0,FINAL_WHISTLE,DFL-MAT-J041UC
1,2025-08-23T13:30:00+0000,2025-08-23T13:30:09+0000,1. FC Heidenheim 1846,VfL Wolfsburg,FCH,WOB,1,3,1,1,FINAL_WHISTLE,DFL-MAT-J041UE
1,2025-08-23T16:30:00+0000,2025-08-23T16:30:07+0000,FC St. Pauli,Borussia Dortmund,STP,BVB,3,3,0,1,FINAL_WHISTLE,DFL-MAT-J041UD
1,2025-08-24T13:30:00+0000,2025-08-24T13:29:59+0000,1. FSV Mainz 05,1. FC Köln,M05,KOE,0,1,0,0,FINAL_WHISTLE,DFL-MAT-J041UA
1,2025-08-24T15:30:00+0000,2025-08-24T15:30:19+0000,Borussia Mönchengladbach,Hamburger SV,BMG,HSV,0,0,0,0,FINAL_WHISTLE,DFL-MAT-J041UB
2,2025-08-29T18:30:00+0000,2025-08-29T18:30:00+0000,Hamburger SV,FC St. Pauli,HSV,STP,0,2,0,1,FINAL_WHISTLE,DFL-MAT-J041UN
2,2025-08-30T13:30:00+0000,2025-08-30T13:30:02+0000,RB Leipzig,1. FC Heidenheim 1846,RBL,FCH,2,0,0,0,FINAL_WHISTLE,DFL-MAT-J041UG
2,2025-08-30T13:30:00+0000,2025-08-30T13:30:01+0000,SV Werder Bremen,Bayer 04 Leverkusen,SVW,B04,3,3,1,2,FINAL_WHISTLE,DFL-MAT-J041UH
2,2025-08-30T13:30:00+0000,2025-08-30T13:30:08+0000,VfB Stuttgart,Borussia Mönchengladbach,VFB,BMG,1,0,0,0,FINAL_WHISTLE,DFL-MAT-J041UI
2,2025-08-30T13:30:00+0000,2025-08-30T13:29:58+0000,TSG Hoffenheim,Eintracht Frankfurt,TSG,SGE,1,3,0,2,FINAL_WHISTLE,DFL-MAT-J041UL
2,2025-08-30T16:30:00+0000,2025-08-30T16:30:01+0000,FC Augsburg,FC Bayern München,FCA,FCB,2,3,0,2,FINAL_WHISTLE,DFL-MAT-J041UK
2,2025-08-31T13:30:00+0000,2025-08-31T13:30:25+0000,VfL Wolfsburg,1. FSV Mainz 05,WOB,M05,1,1,1,0,FINAL_WHISTLE,DFL-MAT-J041UJ
2,2025-08-31T15:30:00+0000,2025-08-31T15:30:02+0000,Borussia Dortmund,1. FC Union Berlin,BVB,FCU,3,0,1,0,FINAL_WHISTLE,DFL-MAT-J041UF
2,2025-08-31T17:30:00+0000,2025-08-31T17:31:43+0000,1. FC Köln,Sport-Club Freiburg,KOE,SCF,4,1,1,0,FINAL_WHISTLE,DFL-MAT-J041UM
3,2025-09-12T18:30:00+0000,2025-09-12T18:30:07+0000,Bayer 04 Leverkusen,Eintracht Frankfurt,B04,SGE,3,1,2,0,FINAL_WHISTLE,DFL-MAT-J041UP
3,2025-09-13T13:30:00+0000,2025-09-13T13:30:00+0000,Sport-Club Freiburg,VfB Stuttgart,SCF,VFB,3,1,0,1,FINAL_WHISTLE,DFL-MAT-J041UQ
3,2025-09-13T13:30:00+0000,2025-09-13T13:30:02+0000,1. FSV Mainz 05,RB Leipzig,M05,RBL,0,1,0,1,FINAL_WHISTLE,DFL-MAT-J041UR
3,2025-09-13T13:30:00+0000,2025-09-13T13:30:18+0000,VfL Wolfsburg,1. FC Köln,WOB,KOE,3,3,1,1,FINAL_WHISTLE,DFL-MAT-J041UT
3,2025-09-13T13:30:00+0000,2025-09-13T13:30:01+0000,1. FC Union Berlin,TSG Hoffenheim,FCU,TSG,2,4,0,2,FINAL_WHISTLE,DFL-MAT-J041UU
3,2025-09-13T13:30:00+0000,2025-09-13T13:30:03+0000,1. FC Heidenheim 1846,Borussia Dortmund,FCH,BVB,0,2,0,2,FINAL_WHISTLE,DFL-MAT-J041UW
3,2025-09-13T16:30:00+0000,2025-09-13T16:30:17+0000,FC Bayern München,Hamburger SV,FCB,HSV,5,0,4,0,FINAL_WHISTLE,DFL-MAT-J041UO
3,2025-09-14T13:30:00+0000,2025-09-14T13:30:14+0000,FC St. Pauli,FC Augsburg,STP,FCA,2,1,1,1,FINAL_WHISTLE,DFL-MAT-J041UV
3,2025-09-14T15:30:00+0000,2025-09-14T15:30:11+0000,Borussia Mönchengladbach,SV Werder Bremen,BMG,SVW,0,4,0,2,FINAL_WHISTLE,DFL-MAT-J041US
4,2025-09-19T18:30:00+0000,2025-09-19T18:30:01+0000,VfB Stuttgart,FC St. Pauli,VFB,STP,2,0,1,0,FINAL_WHISTLE,DFL-MAT-J041V2
4,2025-09-20T13:30:00+0000,2025-09-20T13:30:17+0000,SV Werder Bremen,Sport-Club Freiburg,SVW,SCF,0,3,0,1,FINAL_WHISTLE,DFL-MAT-J041V1
4,2025-09-20T13:30:00+0000,2025-09-20T13:30:01+0000,FC Augsburg,1. FSV Mainz 05,FCA,M05,1,4,0,2,FINAL_WHISTLE,DFL-MAT-J041V3
4,2025-09-20T13:30:00+0000,2025-09-20T13:30:03+0000,TSG Hoffenheim,FC Bayern München,TSG,FCB,1,4,0,1,FINAL_WHISTLE,DFL-MAT-J041V4
4,2025-09-20T13:30:00+0000,2025-09-20T13:31:36+0000,Hamburger SV,1. FC Heidenheim 1846,HSV,FCH,2,1,1,0,FINAL_WHISTLE,DFL-MAT-J041V5
4,2025-09-20T16:30:00+0000,2025-09-20T16:30:02+0000,RB Leipzig,1. FC Köln,RBL,KOE,3,1,3,1,FINAL_WHISTLE,DFL-MAT-J041V0
4,2025-09-21T13:30:00+0000,2025-09-21T13:30:03+0000,Eintracht Frankfurt,1. FC Union Berlin,SGE,FCU,3,4,1,2,FINAL_WHISTLE,DFL-MAT-J041UY
4,2025-09-21T15:30:00+0000,2025-09-21T15:30:02+0000,Bayer 04 Leverkusen,Borussia Mönchengladbach,B04,BMG,1,1,0,0,FINAL_WHISTLE,DFL-MAT-J041UX
4,2025-09-21T17:30:00+0000,2025-09-21T17:30:03+0000,Borussia Dortmund,VfL Wolfsburg,BVB,WOB,1,0,1,0,FINAL_WHISTLE,DFL-MAT-J041UZ
5,2025-09-26T18:30:00+0000,2025-09-26T18:30:08+0000,FC Bayern München,SV Werder Bremen,FCB,SVW,4,0,2,0,FINAL_WHISTLE,DFL-MAT-J041V6
5,2025-09-27T13:30:00+0000,2025-09-27T13:29:59+0000,1. FSV Mainz 05,Borussia Dortmund,M05,BVB,0,2,0,2,FINAL_WHISTLE,DFL-MAT-J041V8
5,2025-09-27T13:30:00+0000,2025-09-27T13:30:20+0000,VfL Wolfsburg,RB Leipzig,WOB,RBL,0,1,0,1,FINAL_WHISTLE,DFL-MAT-J041VA
5,2025-09-27T13:30:00+0000,2025-09-27T13:30:00+0000,FC St. Pauli,Bayer 04 Leverkusen,STP,B04,1,2,1,1,FINAL_WHISTLE,DFL-MAT-J041VC
5,2025-09-27T13:30:00+0000,2025-09-27T13:30:00+0000,1. FC Heidenheim 1846,FC Augsburg,FCH,FCA,2,1,0,0,FINAL_WHISTLE,DFL-MAT-J041VD
5,2025-09-27T16:30:00+0000,2025-09-27T16:30:23+0000,Borussia Mönchengladbach,Eintracht Frankfurt,BMG,SGE,4,6,0,5,FINAL_WHISTLE,DFL-MAT-J041V9
5,2025-09-28T13:30:00+0000,2025-09-28T13:29:59+0000,Sport-Club Freiburg,TSG Hoffenheim,SCF,TSG,1,1,1,1,FINAL_WHISTLE,DFL-MAT-J041V7
5,2025-09-28T15:30:00+0000,2025-09-28T15:30:02+0000,1. FC Köln,VfB Stuttgart,KOE,VFB,1,2,1,1,FINAL_WHISTLE,DFL-MAT-J041VE
5,2025-09-28T17:30:00+0000,2025-09-28T17:30:05+0000,1. FC Union Berlin,Hamburger SV,FCU,HSV,0,0,0,0,FINAL_WHISTLE,DFL-MAT-J041VB
6,2025-10-03T18:30:00+0000,2025-10-03T18:29:59+0000,TSG Hoffenheim,1. FC Köln,TSG,KOE,0,1,0,1,FINAL_WHISTLE,DFL-MAT-J041VM
6,2025-10-04T13:30:00+0000,2025-10-04T13:29:59+0000,Bayer 04 Leverkusen,1. FC Union Berlin,B04,FCU,2,0,1,0,FINAL_WHISTLE,DFL-MAT-J041VF
6,2025-10-04T13:30:00+0000,2025-10-04T13:30:02+0000,Borussia Dortmund,RB Leipzig,BVB,RBL,1,1,1,1,FINAL_WHISTLE,DFL-MAT-J041VH
6,2025-10-04T13:30:00+0000,2025-10-04T13:29:59+0000,SV Werder Bremen,FC St. Pauli,SVW,STP,1,0,1,0,FINAL_WHISTLE,DFL-MAT-J041VI
6,2025-10-04T13:30:00+0000,2025-10-04T13:29:59+0000,FC Augsburg,VfL Wolfsburg,FCA,WOB,3,1,1,0,FINAL_WHISTLE,DFL-MAT-J041VL
6,2025-10-04T16:30:00+0000,2025-10-04T16:30:39+0000,Eintracht Frankfurt,FC Bayern München,SGE,FCB,0,3,0,2,FINAL_WHISTLE,DFL-MAT-J041VG
6,2025-10-05T13:30:00+0000,2025-10-05T13:30:01+0000,VfB Stuttgart,1. FC Heidenheim 1846,VFB,FCH,1,0,0,0,FINAL_WHISTLE,DFL-MAT-J041VJ
6,2025-10-05T15:30:00+0000,2025-10-05T15:30:01+0000,Hamburger SV,1. FSV Mainz 05,HSV,M05,4,0,2,0,FINAL_WHISTLE,DFL-MAT-J041VN
6,2025-10-05T17:30:00+0000,2025-10-05T17:30:03+0000,Borussia Mönchengladbach,Sport-Club Freiburg,BMG,SCF,0,0,0,0,FINAL_WHISTLE,DFL-MAT-J041VK
7,2025-10-17T18:30:00+0000,2025-10-17T18:30:35+0000,1. FC Union Berlin,Borussia Mönchengladbach,FCU,BMG,3,1,2,1,FINAL_WHISTLE,DFL-MAT-J041VT
7,2025-10-18T13:30:00+0000,2025-10-18T13:30:03+0000,1. FSV Mainz 05,Bayer 04 Leverkusen,M05,B04,3,4,1,3,FINAL_WHISTLE,DFL-MAT-J041VQ
7,2025-10-18T13:30:00+0000,2025-10-18T13:30:03+0000,RB Leipzig,Hamburger SV,RBL,HSV,2,1,1,0,FINAL_WHISTLE,DFL-MAT-J041VR
7,2025-10-18T13:30:00+0000,2025-10-18T13:30:24+0000,VfL Wolfsburg,VfB Stuttgart,WOB,VFB,0,3,0,1,FINAL_WHISTLE,DFL-MAT-J041VS
7,2025-10-18T13:30:00+0000,2025-10-18T13:30:02+0000,1. FC Heidenheim 1846,SV Werder Bremen,FCH,SVW,2,2,0,0,FINAL_WHISTLE,DFL-MAT-J041VV
7,2025-10-18T13:30:00+0000,2025-10-18T13:30:01+0000,1. FC Köln,FC Augsburg,KOE,FCA,1,1,0,0,FINAL_WHISTLE,DFL-MAT-J041VW
7,2025-10-18T16:30:00+0000,2025-10-18T16:31:05+0000,FC Bayern München,Borussia Dortmund,FCB,BVB,2,1,1,0,FINAL_WHISTLE,DFL-MAT-J041VO
7,2025-10-19T13:30:00+0000,2025-10-19T13:30:01+0000,Sport-Club Freiburg,Eintracht Frankfurt,SCF,SGE,2,2,1,2,FINAL_WHISTLE,DFL-MAT-J041VP
7,2025-10-19T15:30:00+0000,2025-10-19T15:30:01+0000,FC St. Pauli,TSG Hoffenheim,STP,TSG,0,3,0,0,FINAL_WHISTLE,DFL-MAT-J041VU
8,2025-10-24T18:30:00+0000,2025-10-24T18:31:45+0000,SV Werder Bremen,1. FC Union Berlin,SVW,FCU,1,0,0,0,FINAL_WHISTLE,DFL-MAT-J041W0
8,2025-10-25T13:30:00+0000,2025-10-25T13:30:02+0000,Eintracht Frankfurt,FC St. Pauli,SGE,STP,2,0,1,0,FINAL_WHISTLE,DFL-MAT-J041VY
8,2025-10-25T13:30:00+0000,2025-10-25T13:45:02+0000,Borussia Mönchengladbach,FC Bayern München,BMG,FCB,0,3,0,0,FINAL_WHISTLE,DFL-MAT-J041W2
8,2025-10-25T13:30:00+0000,2025-10-25T13:30:11+0000,FC Augsburg,RB Leipzig,FCA,RBL,0,6,0,4,FINAL_WHISTLE,DFL-MAT-J041W3
8,2025-10-25T13:30:00+0000,2025-10-25T13:30:16+0000,TSG Hoffenheim,1. FC Heidenheim 1846,TSG,FCH,3,1,2,0,FINAL_WHISTLE,DFL-MAT-J041W4
8,2025-10-25T13:30:00+0000,2025-10-25T13:30:24+0000,Hamburger SV,VfL Wolfsburg,HSV,WOB,0,1,0,1,FINAL_WHISTLE,DFL-MAT-J041W5
8,2025-10-25T16:30:00+0000,2025-10-25T16:30:06+0000,Borussia Dortmund,1. FC Köln,BVB,KOE,1,0,0,0,FINAL_WHISTLE,DFL-MAT-J041VZ
8,2025-10-26T14:30:00+0000,2025-10-26T14:30:03+0000,Bayer 04 Leverkusen,Sport-Club Freiburg,B04,SCF,2,0,1,0,FINAL_WHISTLE,DFL-MAT-J041VX
8,2025-10-26T16:30:00+0000,2025-10-26T16:30:05+0000,VfB Stuttgart,1. FSV Mainz 05,VFB,M05,2,1,1,1,FINAL_WHISTLE,DFL-MAT-J041W1
9,2025-10-31T19:30:00+0000,2025-10-31T19:30:03+0000,FC Augsburg,Borussia Dortmund,FCA,BVB,0,1,0,1,FINAL_WHISTLE,DFL-MAT-J041WA
9,2025-11-01T14:30:00+0000,2025-11-01T14:30:00+0000,1. FSV Mainz 05,SV Werder Bremen,M05,SVW,1,1,1,0,FINAL_WHISTLE,DFL-MAT-J041W7
9,2025-11-01T14:30:00+0000,2025-11-01T14:30:02+0000,RB Leipzig,VfB Stuttgart,RBL,VFB,3,1,1,0,FINAL_WHISTLE,DFL-MAT-J041W8
9,2025-11-01T14:30:00+0000,2025-11-01T14:30:01+0000,1. FC Union Berlin,Sport-Club Freiburg,FCU,SCF,0,0,0,0,FINAL_WHISTLE,DFL-MAT-J041WB
9,2025-11-01T14:30:00+0000,2025-11-01T14:30:54+0000,FC St. Pauli,Borussia Mönchengladbach,STP,BMG,0,4,0,2,FINAL_WHISTLE,DFL-MAT-J041WC
9,2025-11-01T14:30:00+0000,2025-11-01T14:30:01+0000,1. FC Heidenheim 1846,Eintracht Frankfurt,FCH,SGE,1,1,1,0,FINAL_WHISTLE,DFL-MAT-J041WD
9,2025-11-01T17:30:00+0000,2025-11-01T17:30:18+0000,FC Bayern München,Bayer 04 Leverkusen,FCB,B04,3,0,3,0,FINAL_WHISTLE,DFL-MAT-J041W6
9,2025-11-02T14:30:00+0000,2025-11-02T14:30:03+0000,1. FC Köln,Hamburger SV,KOE,HSV,4,1,1,0,FINAL_WHISTLE,DFL-MAT-J041WE
9,2025-11-02T16:30:00+0000,2025-11-02T16:30:11+0000,VfL Wolfsburg,TSG Hoffenheim,WOB,TSG,2,3,1,1,FINAL_WHISTLE,DFL-MAT-J041W9
10,2025-11-07T19:30:00+0000,2025-11-07T19:30:47+0000,SV Werder Bremen,VfL Wolfsburg,SVW,WOB,2,1,0,1,FINAL_WHISTLE,DFL-MAT-J041WI
10,2025-11-08T14:30:00+0000,2025-11-08T14:30:09+0000,Bayer 04 Leverkusen,1. FC Heidenheim 1846,B04,FCH,6,0,5,0,FINAL_WHISTLE,DFL-MAT-J041WF
10,2025-11-08T14:30:00+0000,2025-11-08T14:30:10+0000,1. FC Union Berlin,FC Bayern München,FCU,FCB,2,2,1,1,FINAL_WHISTLE,DFL-MAT-J041WL
10,2025-11-08T14:30:00+0000,2025-11-08T14:30:00+0000,TSG Hoffenheim,RB Leipzig,TSG,RBL,3,1,2,1,FINAL_WHISTLE,DFL-MAT-J041WM
10,2025-11-08T14:30:00+0000,2025-11-08T14:30:01+0000,Hamburger SV,Borussia Dortmund,HSV,BVB,1,1,0,0,FINAL_WHISTLE,DFL-MAT-J041WN
10,2025-11-08T17:30:00+0000,2025-11-08T17:30:05+0000,Borussia Mönchengladbach,1. FC Köln,BMG,KOE,3,1,1,0,FINAL_WHISTLE,DFL-MAT-J041WK
10,2025-11-09T14:30:00+0000,2025-11-09T14:30:01+0000,Sport-Club Freiburg,FC St. Pauli,SCF,STP,2,1,1,0,FINAL_WHISTLE,DFL-MAT-J041WH
10,2025-11-09T16:30:00+0000,2025-11-09T16:31:11+0000,VfB Stuttgart,FC Augsburg,VFB,FCA,3,2,2,2,FINAL_WHISTLE,DFL-MAT-J041WJ
10,2025-11-09T18:30:00+0000,2025-11-09T18:30:02+0000,Eintracht Frankfurt,1. FSV Mainz 05,SGE,M05,1,0,0,0,FINAL_WHISTLE,DFL-MAT-J041WG
11,2025-11-21T19:30:00+0000,2025-11-21T19:30:08+0000,1. FSV Mainz 05,TSG Hoffenheim,M05,TSG,1,1,0,1,FINAL_WHISTLE,DFL-MAT-J041WQ
11,2025-11-22T14:30:00+0000,2025-11-22T14:30:07+0000,FC Bayern München,Sport-Club Freiburg,FCB,SCF,6,2,2,2,FINAL_WHISTLE,DFL-MAT-J041WO
11,2025-11-22T14:30:00+0000,2025-11-22T14:30:02+0000,Borussia Dortmund,VfB Stuttgart,BVB,VFB,3,3,2,0,FINAL_WHISTLE,DFL-MAT-J041WP
11,2025-11-22T14:30:00+0000,2025-11-22T14:30:16+0000,VfL Wolfsburg,Bayer 04 Leverkusen,WOB,B04,1,3,0,3,FINAL_WHISTLE,DFL-MAT-J041WS
11,2025-11-22T14:30:00+0000,2025-11-22T14:31:57+0000,FC Augsburg,Hamburger SV,FCA,HSV,1,0,0,0,FINAL_WHISTLE,DFL-MAT-J041WT
11,2025-11-22T14:30:00+0000,2025-11-22T14:30:02+0000,1. FC Heidenheim 1846,Borussia Mönchengladbach,FCH,BMG,0,3,0,1,FINAL_WHISTLE,DFL-MAT-J041WV
11,2025-11-22T17:30:00+0000,2025-11-22T17:30:17+0000,1. FC Köln,Eintracht Frankfurt,KOE,SGE,3,4,1,2,FINAL_WHISTLE,DFL-MAT-J041WW
11,2025-11-23T14:30:00+0000,2025-11-23T14:30:10+0000,RB Leipzig,SV Werder Bremen,RBL,SVW,2,0,0,0,FINAL_WHISTLE,DFL-MAT-J041WR
11,2025-11-23T16:30:00+0000,2025-11-23T16:30:33+0000,FC St. Pauli,1. FC Union Berlin,STP,FCU,0,1,0,1,FINAL_WHISTLE,DFL-MAT-J041WU
12,2025-11-28T19:30:00+0000,2025-11-28T19:30:00+0000,Borussia Mönchengladbach,RB Leipzig,BMG,RBL,0,0,0,0,FINAL_WHISTLE,DFL-MAT-J041X2
12,2025-11-29T14:30:00+0000,2025-11-29T14:31:22+0000,FC Bayern München,FC St. Pauli,FCB,STP,3,1,1,1,FINAL_WHISTLE,DFL-MAT-J041WX
12,2025-11-29T14:30:00+0000,2025-11-29T14:30:13+0000,SV Werder Bremen,1. FC Köln,SVW,KOE,1,1,1,0,FINAL_WHISTLE,DFL-MAT-J041X1
12,2025-11-29T14:30:00+0000,2025-11-29T14:30:00+0000,1. FC Union Berlin,1. FC Heidenheim 1846,FCU,FCH,1,2,1,0,FINAL_WHISTLE,DFL-MAT-J041X3
12,2025-11-29T14:30:00+0000,2025-11-29T14:30:01+0000,TSG Hoffenheim,FC Augsburg,TSG,FCA,3,0,3,0,FINAL_WHISTLE,DFL-MAT-J041X4
12,2025-11-29T17:30:00+0000,2025-11-29T17:30:51+0000,Bayer 04 Leverkusen,Borussia Dortmund,B04,BVB,1,2,0,1,FINAL_WHISTLE,DFL-MAT-J041WY
12,2025-11-30T14:30:00+0000,2025-11-30T14:30:03+0000,Hamburger SV,VfB Stuttgart,HSV,VFB,2,1,1,0,FINAL_WHISTLE,DFL-MAT-J041X5
12,2025-11-30T16:30:00+0000,2025-11-30T16:30:02+0000,Eintracht Frankfurt,VfL Wolfsburg,SGE,WOB,1,1,0,0,FINAL_WHISTLE,DFL-MAT-J041WZ
12,2025-11-30T18:30:00+0000,2025-11-30T18:30:02+0000,Sport-Club Freiburg,1. FSV Mainz 05,SCF,M05,4,0,2,0,FINAL_WHISTLE,DFL-MAT-J041X0
13,2025-12-05T19:30:00+0000,2025-12-05T19:30:01+0000,1. FSV Mainz 05,Borussia Mönchengladbach,M05,BMG,0,1,0,0,FINAL_WHISTLE,DFL-MAT-J041X7
13,2025-12-06T14:30:00+0000,2025-12-06T14:30:01+0000,VfB Stuttgart,FC Bayern München,VFB,FCB,0,5,0,1,FINAL_WHISTLE,DFL-MAT-J041X9
13,2025-12-06T14:30:00+0000,2025-12-06T14:30:20+0000,VfL Wolfsburg,1. FC Union Berlin,WOB,FCU,3,1,2,0,FINAL_WHISTLE,DFL-MAT-J041XA
13,2025-12-06T14:30:00+0000,2025-12-06T14:30:00+0000,FC Augsburg,Bayer 04 Leverkusen,FCA,B04,2,0,2,0,FINAL_WHISTLE,DFL-MAT-J041XB
13,2025-12-06T14:30:00+0000,2025-12-06T14:30:03+0000,1. FC Heidenheim 1846,Sport-Club Freiburg,FCH,SCF,2,1,0,1,FINAL_WHISTLE,DFL-MAT-J041XC
13,2025-12-06T14:30:00+0000,2025-12-06T14:30:02+0000,1. FC Köln,FC St. Pauli,KOE,STP,1,1,0,0,FINAL_WHISTLE,DFL-MAT-J041XD
13,2025-12-06T17:30:00+0000,2025-12-06T17:30:02+0000,RB Leipzig,Eintracht Frankfurt,RBL,SGE,6,0,2,0,FINAL_WHISTLE,DFL-MAT-J041X8
13,2025-12-07T14:30:00+0000,2025-12-07T14:30:08+0000,Hamburger SV,SV Werder Bremen,HSV,SVW,3,2,0,1,FINAL_WHISTLE,DFL-MAT-J041XE
13,2025-12-07T16:30:00+0000,2025-12-07T16:31:09+0000,Borussia Dortmund,TSG Hoffenheim,BVB,TSG,2,0,1,0,FINAL_WHISTLE,DFL-MAT-J041X6
14,2025-12-12T19:30:00+0000,2025-12-12T19:30:01+0000,1. FC Union Berlin,RB Leipzig,FCU,RBL,3,1,0,0,FINAL_WHISTLE,DFL-MAT-J041XL
14,2025-12-13T14:30:00+0000,2025-12-13T14:30:01+0000,Eintracht Frankfurt,FC Augsburg,SGE,FCA,1,0,0,0,FINAL_WHISTLE,DFL-MAT-J041XH
14,2025-12-13T14:30:00+0000,2025-12-13T14:30:02+0000,Borussia Mönchengladbach,VfL Wolfsburg,BMG,WOB,1,3,1,3,FINAL_WHISTLE,DFL-MAT-J041XK
14,2025-12-13T14:30:00+0000,2025-12-13T14:30:00+0000,FC St. Pauli,1. FC Heidenheim 1846,STP,FCH,2,1,1,0,FINAL_WHISTLE,DFL-MAT-J041XM
14,2025-12-13T14:30:00+0000,2025-12-13T14:30:01+0000,TSG Hoffenheim,Hamburger SV,TSG,HSV,4,1,2,0,FINAL_WHISTLE,DFL-MAT-J041XN
14,2025-12-13T17:30:00+0000,2025-12-13T17:30:01+0000,Bayer 04 Leverkusen,1. FC Köln,B04,KOE,2,0,0,0,FINAL_WHISTLE,DFL-MAT-J041XG
14,2025-12-14T14:30:00+0000,2025-12-14T14:30:01+0000,Sport-Club Freiburg,Borussia Dortmund,SCF,BVB,1,1,0,1,FINAL_WHISTLE,DFL-MAT-J041XI
14,2025-12-14T16:30:00+0000,2025-12-14T16:30:04+0000,FC Bayern München,1. FSV Mainz 05,FCB,M05,2,2,1,1,FINAL_WHISTLE,DFL-MAT-J041XF
14,2025-12-14T18:30:00+0000,2025-12-14T18:30:00+0000,SV Werder Bremen,VfB Stuttgart,SVW,VFB,0,4,0,2,FINAL_WHISTLE,DFL-MAT-J041XJ
15,2025-12-19T19:30:00+0000,2025-12-19T19:30:01+0000,Borussia Dortmund,Borussia Mönchengladbach,BVB,BMG,2,0,1,0,FINAL_WHISTLE,DFL-MAT-J041XO
15,2025-12-20T14:30:00+0000,2025-12-20T14:30:01+0000,VfB Stuttgart,TSG Hoffenheim,VFB,TSG,0,0,0,0,FINAL_WHISTLE,DFL-MAT-J041XR
15,2025-12-20T14:30:00+0000,2025-12-20T14:30:01+0000,VfL Wolfsburg,Sport-Club Freiburg,WOB,SCF,3,4,1,1,FINAL_WHISTLE,DFL-MAT-J041XS
15,2025-12-20T14:30:00+0000,2025-12-20T14:30:02+0000,FC Augsburg,SV Werder Bremen,FCA,SVW,0,0,0,0,FINAL_WHISTLE,DFL-MAT-J041XT
15,2025-12-20T14:30:00+0000,2025-12-20T14:30:01+0000,1. FC Köln,1. FC Union Berlin,KOE,FCU,0,1,0,0,FINAL_WHISTLE,DFL-MAT-J041XV
15,2025-12-20T14:30:00+0000,2025-12-20T14:30:11+0000,Hamburger SV,Eintracht Frankfurt,HSV,SGE,1,1,1,1,FINAL_WHISTLE,DFL-MAT-J041XW
15,2025-12-20T17:30:00+0000,2025-12-20T17:30:00+0000,RB Leipzig,Bayer 04 Leverkusen,RBL,B04,1,3,1,2,FINAL_WHISTLE,DFL-MAT-J041XQ
15,2025-12-21T14:30:00+0000,2025-12-21T14:30:00+0000,1. FSV Mainz 05,FC St. Pauli,M05,STP,0,0,0,0,FINAL_WHISTLE,DFL-MAT-J041XP
15,2025-12-21T16:30:00+0000,2025-12-21T16:30:01+0000,1. FC Heidenheim 1846,FC Bayern München,FCH,FCB,0,4,0,2,FINAL_WHISTLE,DFL-MAT-J041XU
16,2026-01-09T19:30:00+0000,2026-01-09T19:30:02+0000,Eintracht Frankfurt,Borussia Dortmund,SGE,BVB,3,3,1,1,FINAL_WHISTLE,DFL-MAT-J041XZ
16,2026-01-10T14:30:00+0000,2026-01-10T14:30:03+0000,Sport-Club Freiburg,Hamburger SV,SCF,HSV,2,1,0,0,FINAL_WHISTLE,DFL-MAT-J041Y0
16,2026-01-10T14:30:00+0000,2026-01-10T14:30:13+0000,1. FC Union Berlin,1. FSV Mainz 05,FCU,M05,2,2,0,1,FINAL_WHISTLE,DFL-MAT-J041Y3
16,2026-01-10T14:30:00+0000,2026-01-10T14:30:24+0000,1. FC Heidenheim 1846,1. FC Köln,FCH,KOE,2,2,2,1,FINAL_WHISTLE,DFL-MAT-J041Y5
16,2026-01-10T17:30:00+0000,2026-01-10T17:30:01+0000,Bayer 04 Leverkusen,VfB Stuttgart,B04,VFB,1,4,0,4,FINAL_WHISTLE,DFL-MAT-J041XY
16,2026-01-11T14:30:00+0000,2026-01-11T14:30:00+0000,Borussia Mönchengladbach,FC Augsburg,BMG,FCA,4,0,3,0,FINAL_WHISTLE,DFL-MAT-J041Y2
16,2026-01-11T16:30:00+0000,2026-01-11T16:30:01+0000,FC Bayern München,VfL Wolfsburg,FCB,WOB,8,1,2,1,FINAL_WHISTLE,DFL-MAT-J041XX
16,2026-01-27T19:30:00+0000,2026-01-27T19:30:00+0000,SV Werder Bremen,TSG Hoffenheim,SVW,TSG,0,2,0,1,FINAL_WHISTLE,DFL-MAT-J041Y1
16,2026-01-27T19:30:00+0000,2026-01-27T19:30:27+0000,FC St. Pauli,RB Leipzig,STP,RBL,1,1,0,0,FINAL_WHISTLE,DFL-MAT-J041Y4
17,2026-01-13T17:30:00+0000,2026-01-13T17:30:04+0000,VfB Stuttgart,Eintracht Frankfurt,VFB,SGE,3,2,2,1,FINAL_WHISTLE,DFL-MAT-J041Y9
17,2026-01-13T19:30:00+0000,2026-01-13T19:30:01+0000,Borussia Dortmund,SV Werder Bremen,BVB,SVW,3,0,1,0,FINAL_WHISTLE,DFL-MAT-J041Y6
17,2026-01-13T19:30:00+0000,2026-01-13T19:30:01+0000,1. FSV Mainz 05,1. FC Heidenheim 1846,M05,FCH,2,1,1,0,FINAL_WHISTLE,DFL-MAT-J041Y7
17,2026-01-14T17:30:00+0000,2026-01-14T17:30:02+0000,VfL Wolfsburg,FC St. Pauli,WOB,STP,2,1,1,1,FINAL_WHISTLE,DFL-MAT-J041YA
17,2026-01-14T19:30:00+0000,2026-01-14T19:30:30+0000,RB Leipzig,Sport-Club Freiburg,RBL,SCF,2,0,0,0,FINAL_WHISTLE,DFL-MAT-J041Y8
17,2026-01-14T19:30:00+0000,2026-01-14T19:30:00+0000,TSG Hoffenheim,Borussia Mönchengladbach,TSG,BMG,5,1,4,0,FINAL_WHISTLE,DFL-MAT-J041YC
17,2026-01-14T19:30:00+0000,2026-01-14T19:30:06+0000,1. FC Köln,FC Bayern München,KOE,FCB,1,3,1,1,FINAL_WHISTLE,DFL-MAT-J041YD
17,2026-01-15T19:30:00+0000,2026-01-15T19:30:59+0000,FC Augsburg,1. FC Union Berlin,FCA,FCU,1,1,1,0,FINAL_WHISTLE,DFL-MAT-J041YB
17,2026-03-04T19:30:00+0000,2026-03-04T19:30:03+0000,Hamburger SV,Bayer 04 Leverkusen,HSV,B04,0,1,0,0,FINAL_WHISTLE,DFL-MAT-J041YE
18,2026-01-16T19:30:00+0000,2026-01-16T19:32:09+0000,SV Werder Bremen,Eintracht Frankfurt,SVW,SGE,3,3,1,1,FINAL_WHISTLE,DFL-MAT-J041YH
18,2026-01-17T14:30:00+0000,2026-01-17T14:30:00+0000,Borussia Dortmund,FC St. Pauli,BVB,STP,3,2,1,0,FINAL_WHISTLE,DFL-MAT-J041YF
18,2026-01-17T14:30:00+0000,2026-01-17T14:30:01+0000,VfL Wolfsburg,1. FC Heidenheim 1846,WOB,FCH,1,1,0,1,FINAL_WHISTLE,DFL-MAT-J041YJ
18,2026-01-17T14:30:00+0000,2026-01-17T14:30:02+0000,TSG Hoffenheim,Bayer 04 Leverkusen,TSG,B04,1,0,1,0,FINAL_WHISTLE,DFL-MAT-J041YL
18,2026-01-17T14:30:00+0000,2026-01-17T14:30:01+0000,1. FC Köln,1. FSV Mainz 05,KOE,M05,2,1,0,1,FINAL_WHISTLE,DFL-MAT-J041YM
18,2026-01-17T14:30:00+0000,2026-01-17T14:31:06+0000,Hamburger SV,Borussia Mönchengladbach,HSV,BMG,0,0,0,0,FINAL_WHISTLE,DFL-MAT-J041YN
18,2026-01-17T17:30:00+0000,2026-01-17T17:30:02+0000,RB Leipzig,FC Bayern München,RBL,FCB,1,5,1,0,FINAL_WHISTLE,DFL-MAT-J041YG
18,2026-01-18T14:30:00+0000,2026-01-18T14:30:03+0000,VfB Stuttgart,1. FC Union Berlin,VFB,FCU,1,1,0,0,FINAL_WHISTLE,DFL-MAT-J041YI
18,2026-01-18T16:30:00+0000,2026-01-18T16:29:58+0000,FC Augsburg,Sport-Club Freiburg,FCA,SCF,2,2,0,0,FINAL_WHISTLE,DFL-MAT-J041YK
19,2026-01-23T19:30:00+0000,2026-01-23T19:32:05+0000,FC St. Pauli,Hamburger SV,STP,HSV,0,0,0,0,FINAL_WHISTLE,DFL-MAT-J041YV
19,2026-01-24T14:30:00+0000,2026-01-24T14:30:14+0000,FC Bayern München,FC Augsburg,FCB,FCA,1,2,1,0,FINAL_WHISTLE,DFL-MAT-J041YO
19,2026-01-24T14:30:00+0000,2026-01-24T14:30:22+0000,Bayer 04 Leverkusen,SV Werder Bremen,B04,SVW,1,0,1,0,FINAL_WHISTLE,DFL-MAT-J041YP
19,2026-01-24T14:30:00+0000,2026-01-24T14:30:01+0000,Eintracht Frankfurt,TSG Hoffenheim,SGE,TSG,1,3,1,0,FINAL_WHISTLE,DFL-MAT-J041YQ
19,2026-01-24T14:30:00+0000,2026-01-24T14:30:03+0000,1. FSV Mainz 05,VfL Wolfsburg,M05,WOB,3,1,0,1,FINAL_WHISTLE,DFL-MAT-J041YS
19,2026-01-24T14:30:00+0000,2026-01-24T14:30:02+0000,1. FC Heidenheim 1846,RB Leipzig,FCH,RBL,0,3,0,0,FINAL_WHISTLE,DFL-MAT-J041YW
19,2026-01-24T17:30:00+0000,2026-01-24T17:30:04+0000,1. FC Union Berlin,Borussia Dortmund,FCU,BVB,0,3,0,1,FINAL_WHISTLE,DFL-MAT-J041YU
19,2026-01-25T14:30:00+0000,2026-01-25T14:30:03+0000,Borussia Mönchengladbach,VfB Stuttgart,BMG,VFB,0,3,0,1,FINAL_WHISTLE,DFL-MAT-J041YT
19,2026-01-25T16:30:00+0000,2026-01-25T16:29:59+0000,Sport-Club Freiburg,1. FC Köln,SCF,KOE,2,1,2,1,FINAL_WHISTLE,DFL-MAT-J041YR
20,2026-01-30T19:30:00+0000,2026-01-30T19:30:01+0000,1. FC Köln,VfL Wolfsburg,KOE,WOB,1,0,1,0,FINAL_WHISTLE,DFL-MAT-J041Z4
20,2026-01-31T14:30:00+0000,2026-01-31T14:30:01+0000,Eintracht Frankfurt,Bayer 04 Leverkusen,SGE,B04,1,3,0,2,FINAL_WHISTLE,DFL-MAT-J041YX
20,2026-01-31T14:30:00+0000,2026-01-31T14:30:26+0000,RB Leipzig,1. FSV Mainz 05,RBL,M05,1,2,1,1,FINAL_WHISTLE,DFL-MAT-J041YZ
20,2026-01-31T14:30:00+0000,2026-01-31T14:30:00+0000,SV Werder Bremen,Borussia Mönchengladbach,SVW,BMG,1,1,0,0,FINAL_WHISTLE,DFL-MAT-J041Z0
20,2026-01-31T14:30:00+0000,2026-01-31T14:30:00+0000,FC Augsburg,FC St. Pauli,FCA,STP,2,1,1,1,FINAL_WHISTLE,DFL-MAT-J041Z2
20,2026-01-31T14:30:00+0000,2026-01-31T14:30:02+0000,TSG Hoffenheim,1. FC Union Berlin,TSG,FCU,3,1,2,0,FINAL_WHISTLE,DFL-MAT-J041Z3
20,2026-01-31T17:30:00+0000,2026-01-31T17:30:58+0000,Hamburger SV,FC Bayern München,HSV,FCB,2,2,1,1,FINAL_WHISTLE,DFL-MAT-J041Z5
20,2026-02-01T14:30:00+0000,2026-02-01T14:30:00+0000,VfB Stuttgart,Sport-Club Freiburg,VFB,SCF,1,0,0,0,FINAL_WHISTLE,DFL-MAT-J041Z1
20,2026-02-01T16:30:00+0000,2026-02-01T16:30:27+0000,Borussia Dortmund,1. FC Heidenheim 1846,BVB,FCH,3,2,1,1,FINAL_WHISTLE,DFL-MAT-J041YY
21,2026-02-06T19:30:00+0000,2026-02-06T19:30:02+0000,1. FC Union Berlin,Eintracht Frankfurt,FCU,SGE,1,1,0,0,FINAL_WHISTLE,DFL-MAT-J041ZB
21,2026-02-07T14:30:00+0000,2026-02-07T14:30:03+0000,Sport-Club Freiburg,SV Werder Bremen,SCF,SVW,1,0,1,0,FINAL_WHISTLE,DFL-MAT-J041Z7
21,2026-02-07T14:30:00+0000,2026-02-07T14:30:01+0000,1. FSV Mainz 05,FC Augsburg,M05,FCA,2,0,1,0,FINAL_WHISTLE,DFL-MAT-J041Z8
21,2026-02-07T14:30:00+0000,2026-02-07T14:30:30+0000,VfL Wolfsburg,Borussia Dortmund,WOB,BVB,1,2,0,1,FINAL_WHISTLE,DFL-MAT-J041ZA
21,2026-02-07T14:30:00+0000,2026-02-07T14:30:04+0000,FC St. Pauli,VfB Stuttgart,STP,VFB,2,1,1,0,FINAL_WHISTLE,DFL-MAT-J041ZC
21,2026-02-07T14:30:00+0000,2026-02-07T14:30:07+0000,1. FC Heidenheim 1846,Hamburger SV,FCH,HSV,0,2,0,1,FINAL_WHISTLE,DFL-MAT-J041ZD
21,2026-02-07T17:30:00+0000,2026-02-07T17:30:02+0000,Borussia Mönchengladbach,Bayer 04 Leverkusen,BMG,B04,1,1,1,1,FINAL_WHISTLE,DFL-MAT-J041Z9
21,2026-02-08T14:30:00+0000,2026-02-08T14:30:00+0000,1. FC Köln,RB Leipzig,KOE,RBL,1,2,0,1,FINAL_WHISTLE,DFL-MAT-J041ZE
21,2026-02-08T16:30:00+0000,2026-02-08T16:30:27+0000,FC Bayern München,TSG Hoffenheim,FCB,TSG,5,1,3,1,FINAL_WHISTLE,DFL-MAT-J041Z6
22,2026-02-13T19:30:00+0000,2026-02-13T19:30:04+0000,Borussia Dortmund,1. FSV Mainz 05,BVB,M05,4,0,3,0,FINAL_WHISTLE,DFL-MAT-J041ZH
22,2026-02-14T14:30:00+0000,2026-02-14T14:30:00+0000,Bayer 04 Leverkusen,FC St. Pauli,B04,STP,4,0,2,0,FINAL_WHISTLE,DFL-MAT-J041ZF
22,2026-02-14T14:30:00+0000,2026-02-14T14:30:01+0000,Eintracht Frankfurt,Borussia Mönchengladbach,SGE,BMG,3,0,2,0,FINAL_WHISTLE,DFL-MAT-J041ZG
22,2026-02-14T14:30:00+0000,2026-02-14T14:31:14+0000,SV Werder Bremen,FC Bayern München,SVW,FCB,0,3,0,2,FINAL_WHISTLE,DFL-MAT-J041ZJ
22,2026-02-14T14:30:00+0000,2026-02-14T14:30:02+0000,TSG Hoffenheim,Sport-Club Freiburg,TSG,SCF,3,0,0,0,FINAL_WHISTLE,DFL-MAT-J041ZM
22,2026-02-14T14:30:00+0000,2026-02-14T14:31:21+0000,Hamburger SV,1. FC Union Berlin,HSV,FCU,3,2,2,1,FINAL_WHISTLE,DFL-MAT-J041ZN
22,2026-02-14T17:30:00+0000,2026-02-14T17:30:02+0000,VfB Stuttgart,1. FC Köln,VFB,KOE,3,1,1,0,FINAL_WHISTLE,DFL-MAT-J041ZK
22,2026-02-15T14:30:00+0000,2026-02-15T14:30:02+0000,FC Augsburg,1. FC Heidenheim 1846,FCA,FCH,1,0,0,0,FINAL_WHISTLE,DFL-MAT-J041ZL
22,2026-02-15T16:30:00+0000,2026-02-15T16:30:14+0000,RB Leipzig,VfL Wolfsburg,RBL,WOB,2,2,0,0,FINAL_WHISTLE,DFL-MAT-J041ZI
23,2026-02-20T19:30:00+0000,2026-02-20T19:40:02+0000,1. FSV Mainz 05,Hamburger SV,M05,HSV,1,1,1,0,FINAL_WHISTLE,DFL-MAT-J041ZQ
23,2026-02-21T14:30:00+0000,2026-02-21T14:32:32+0000,FC Bayern München,Eintracht Frankfurt,FCB,SGE,3,2,2,0,FINAL_WHISTLE,DFL-MAT-J041ZO
23,2026-02-21T14:30:00+0000,2026-02-21T14:30:07+0000,VfL Wolfsburg,FC Augsburg,WOB,FCA,2,3,1,0,FINAL_WHISTLE,DFL-MAT-J041ZS
23,2026-02-21T14:30:00+0000,2026-02-21T14:30:01+0000,1. FC Union Berlin,Bayer 04 Leverkusen,FCU,B04,1,0,1,0,FINAL_WHISTLE,DFL-MAT-J041ZT
23,2026-02-21T14:30:00+0000,2026-02-21T14:30:06+0000,1. FC Köln,TSG Hoffenheim,KOE,TSG,2,2,1,1,FINAL_WHISTLE,DFL-MAT-J041ZW
23,2026-02-21T17:30:00+0000,2026-02-21T17:30:04+0000,RB Leipzig,Borussia Dortmund,RBL,BVB,2,2,2,0,FINAL_WHISTLE,DFL-MAT-J041ZR
23,2026-02-22T14:30:00+0000,2026-02-22T14:30:04+0000,Sport-Club Freiburg,Borussia Mönchengladbach,SCF,BMG,2,1,1,0,FINAL_WHISTLE,DFL-MAT-J041ZP
23,2026-02-22T16:30:00+0000,2026-02-22T16:30:20+0000,FC St. Pauli,SV Werder Bremen,STP,SVW,2,1,0,0,FINAL_WHISTLE,DFL-MAT-J041ZU
23,2026-02-22T18:30:00+0000,2026-02-22T18:29:59+0000,1. FC Heidenheim 1846,VfB Stuttgart,FCH,VFB,3,3,2,2,FINAL_WHISTLE,DFL-MAT-J041ZV
24,2026-02-27T19:30:00+0000,2026-02-27T19:30:06+0000,FC Augsburg,1. FC Köln,FCA,KOE,2,0,0,0,FINAL_WHISTLE,DFL-MAT-J04203
24,2026-02-28T14:30:00+0000,2026-02-28T14:30:03+0000,Bayer 04 Leverkusen,1. FSV Mainz 05,B04,M05,1,1,0,0,FINAL_WHISTLE,DFL-MAT-J041ZX
24,2026-02-28T14:30:00+0000,2026-02-28T14:30:32+0000,SV Werder Bremen,1. FC Heidenheim 1846,SVW,FCH,2,0,0,0,FINAL_WHISTLE,DFL-MAT-J04200
24,2026-02-28T14:30:00+0000,2026-02-28T14:30:01+0000,Borussia Mönchengladbach,1. FC Union Berlin,BMG,FCU,1,0,0,0,FINAL_WHISTLE,DFL-MAT-J04202
24,2026-02-28T14:30:00+0000,2026-02-28T14:30:00+0000,TSG Hoffenheim,FC St. Pauli,TSG,STP,0,1,0,1,FINAL_WHISTLE,DFL-MAT-J04204
24,2026-02-28T17:30:00+0000,2026-02-28T17:30:17+0000,Borussia Dortmund,FC Bayern München,BVB,FCB,2,3,1,0,FINAL_WHISTLE,DFL-MAT-J041ZZ
24,2026-03-01T14:30:00+0000,2026-03-01T14:30:17+0000,VfB Stuttgart,VfL Wolfsburg,VFB,WOB,4,0,3,0,FINAL_WHISTLE,DFL-MAT-J04201
24,2026-03-01T16:30:00+0000,2026-03-01T16:29:59+0000,Eintracht Frankfurt,Sport-Club Freiburg,SGE,SCF,2,0,0,0,FINAL_WHISTLE,DFL-MAT-J041ZY
24,2026-03-01T18:30:00+0000,2026-03-01T18:30:14+0000,Hamburger SV,RB Leipzig,HSV,RBL,1,2,1,1,FINAL_WHISTLE,DFL-MAT-J04205
25,2026-03-06T19:30:00+0000,2026-03-06T19:30:08+0000,FC Bayern München,Borussia Mönchengladbach,FCB,BMG,4,1,2,0,FINAL_WHISTLE,DFL-MAT-J04206
25,2026-03-07T14:30:00+0000,2026-03-07T14:30:01+0000,Sport-Club Freiburg,Bayer 04 Leverkusen,SCF,B04,3,3,2,2,FINAL_WHISTLE,DFL-MAT-J04207
25,2026-03-07T14:30:00+0000,2026-03-07T14:30:04+0000,1. FSV Mainz 05,VfB Stuttgart,M05,VFB,2,2,1,0,FINAL_WHISTLE,DFL-MAT-J04208
25,2026-03-07T14:30:00+0000,2026-03-07T14:30:19+0000,RB Leipzig,FC Augsburg,RBL,FCA,2,1,0,1,FINAL_WHISTLE,DFL-MAT-J04209
25,2026-03-07T14:30:00+0000,2026-03-07T14:30:02+0000,VfL Wolfsburg,Hamburger SV,WOB,HSV,1,2,1,1,FINAL_WHISTLE,DFL-MAT-J0420A
25,2026-03-07T14:30:00+0000,2026-03-07T14:30:08+0000,1. FC Heidenheim 1846,TSG Hoffenheim,FCH,TSG,2,4,0,2,FINAL_WHISTLE,DFL-MAT-J0420D
25,2026-03-07T17:30:00+0000,2026-03-07T17:30:26+0000,1. FC Köln,Borussia Dortmund,KOE,BVB,1,2,0,1,FINAL_WHISTLE,DFL-MAT-J0420E
25,2026-03-08T14:30:00+0000,2026-03-08T14:30:01+0000,FC St. Pauli,Eintracht Frankfurt,STP,SGE,0,0,0,0,FINAL_WHISTLE,DFL-MAT-J0420C
25,2026-03-08T16:30:00+0000,2026-03-08T16:29:58+0000,1. FC Union Berlin,SV Werder Bremen,FCU,SVW,1,4,1,2,FINAL_WHISTLE,DFL-MAT-J0420B
26,2026-03-13T19:30:00+0000,2026-03-13T19:32:26+0000,Borussia Mönchengladbach,FC St. Pauli,BMG,STP,2,0,1,0,FINAL_WHISTLE,DFL-MAT-J0420L
26,2026-03-14T14:30:00+0000,2026-03-14T14:30:01+0000,Bayer 04 Leverkusen,FC Bayern München,B04,FCB,1,1,1,0,FINAL_WHISTLE,DFL-MAT-J0420F
26,2026-03-14T14:30:00+0000,2026-03-14T14:29:59+0000,Eintracht Frankfurt,1. FC Heidenheim 1846,SGE,FCH,1,0,0,0,FINAL_WHISTLE,DFL-MAT-J0420G
26,2026-03-14T14:30:00+0000,2026-03-14T14:30:07+0000,Borussia Dortmund,FC Augsburg,BVB,FCA,2,0,1,0,FINAL_WHISTLE,DFL-MAT-J0420H
26,2026-03-14T14:30:00+0000,2026-03-14T14:30:00+0000,TSG Hoffenheim,VfL Wolfsburg,TSG,WOB,1,1,0,0,FINAL_WHISTLE,DFL-MAT-J0420M
26,2026-03-14T17:30:00+0000,2026-03-14T17:30:03+0000,Hamburger SV,1. FC Köln,HSV,KOE,1,1,1,1,FINAL_WHISTLE,DFL-MAT-J0420N
26,2026-03-15T14:30:00+0000,2026-03-15T14:30:00+0000,SV Werder Bremen,1. FSV Mainz 05,SVW,M05,0,2,0,1,FINAL_WHISTLE,DFL-MAT-J0420J
26,2026-03-15T16:30:00+0000,2026-03-15T16:29:59+0000,Sport-Club Freiburg,1. FC Union Berlin,SCF,FCU,0,1,0,0,FINAL_WHISTLE,DFL-MAT-J0420I
26,2026-03-15T18:30:00+0000,2026-03-15T18:30:51+0000,VfB Stuttgart,RB Leipzig,VFB,RBL,1,0,0,0,FINAL_WHISTLE,DFL-MAT-J0420K
27,2026-03-20T19:30:00+0000,2026-03-20T19:30:14+0000,RB Leipzig,TSG Hoffenheim,RBL,TSG,5,0,4,0,FINAL_WHISTLE,DFL-MAT-J0420R
27,2026-03-21T14:30:00+0000,2026-03-21T14:31:12+0000,FC Bayern München,1. FC Union Berlin,FCB,FCU,4,0,2,0,FINAL_WHISTLE,DFL-MAT-J0420O
27,2026-03-21T14:30:00+0000,2026-03-21T14:30:43+0000,VfL Wolfsburg,SV Werder Bremen,WOB,SVW,0,1,0,0,FINAL_WHISTLE,DFL-MAT-J0420S
27,2026-03-21T14:30:00+0000,2026-03-21T14:30:02+0000,1. FC Heidenheim 1846,Bayer 04 Leverkusen,FCH,B04,3,3,0,2,FINAL_WHISTLE,DFL-MAT-J0420V
27,2026-03-21T14:30:00+0000,2026-03-21T14:30:03+0000,1. FC Köln,Borussia Mönchengladbach,KOE,BMG,3,3,2,2,FINAL_WHISTLE,DFL-MAT-J0420W
27,2026-03-21T17:30:00+0000,2026-03-21T17:30:02+0000,Borussia Dortmund,Hamburger SV,BVB,HSV,3,2,0,2,FINAL_WHISTLE,DFL-MAT-J0420P
27,2026-03-22T14:30:00+0000,2026-03-22T14:30:03+0000,1. FSV Mainz 05,Eintracht Frankfurt,M05,SGE,2,1,1,1,FINAL_WHISTLE,DFL-MAT-J0420Q
27,2026-03-22T16:30:00+0000,2026-03-22T16:30:22+0000,FC St. Pauli,Sport-Club Freiburg,STP,SCF,1,2,1,0,FINAL_WHISTLE,DFL-MAT-J0420U
27,2026-03-22T18:30:00+0000,2026-03-22T18:30:01+0000,FC Augsburg,VfB Stuttgart,FCA,VFB,2,5,0,3,FINAL_WHISTLE,DFL-MAT-J0420T
28,2026-04-04T13:30:00+0000,2026-04-04T13:30:03+0000,Bayer 04 Leverkusen,VfL Wolfsburg,B04,WOB,6,3,2,3,FINAL_WHISTLE,DFL-MAT-J0420X
28,2026-04-04T13:30:00+0000,2026-04-04T13:30:29+0000,Sport-Club Freiburg,FC Bayern München,SCF,FCB,2,3,0,0,FINAL_WHISTLE,DFL-MAT-J0420Z
28,2026-04-04T13:30:00+0000,2026-04-04T13:30:03+0000,SV Werder Bremen,RB Leipzig,SVW,RBL,1,2,0,1,FINAL_WHISTLE,DFL-MAT-J04210
28,2026-04-04T13:30:00+0000,2026-04-04T13:30:02+0000,Borussia Mönchengladbach,1. FC Heidenheim 1846,BMG,FCH,2,2,1,1,FINAL_WHISTLE,DFL-MAT-J04212
28,2026-04-04T13:30:00+0000,2026-04-04T13:30:01+0000,TSG Hoffenheim,1. FSV Mainz 05,TSG,M05,1,2,1,1,FINAL_WHISTLE,DFL-MAT-J04214
28,2026-04-04T13:30:00+0000,2026-04-04T13:31:32+0000,Hamburger SV,FC Augsburg,HSV,FCA,1,1,0,1,FINAL_WHISTLE,DFL-MAT-J04215
28,2026-04-04T16:30:00+0000,2026-04-04T16:30:48+0000,VfB Stuttgart,Borussia Dortmund,VFB,BVB,0,2,0,0,FINAL_WHISTLE,DFL-MAT-J04211
28,2026-04-05T13:30:00+0000,2026-04-05T13:30:18+0000,1. FC Union Berlin,FC St. Pauli,FCU,STP,1,1,0,1,FINAL_WHISTLE,DFL-MAT-J04213
28,2026-04-05T15:30:00+0000,2026-04-05T15:30:12+0000,Eintracht Frankfurt,1. FC Köln,SGE,KOE,2,2,0,0,FINAL_WHISTLE,DFL-MAT-J0420Y
29,2026-04-10T18:30:00+0000,2026-04-10T18:30:05+0000,FC Augsburg,TSG Hoffenheim,FCA,TSG,2,2,2,2,FINAL_WHISTLE,DFL-MAT-J0421B
29,2026-04-11T13:30:00+0000,2026-04-11T13:30:02+0000,Borussia Dortmund,Bayer 04 Leverkusen,BVB,B04,0,1,0,1,FINAL_WHISTLE,DFL-MAT-J04216
29,2026-04-11T13:30:00+0000,2026-04-11T13:30:04+0000,RB Leipzig,Borussia Mönchengladbach,RBL,BMG,1,0,0,0,FINAL_WHISTLE,DFL-MAT-J04218
29,2026-04-11T13:30:00+0000,2026-04-11T13:30:42+0000,VfL Wolfsburg,Eintracht Frankfurt,WOB,SGE,1,2,0,2,FINAL_WHISTLE,DFL-MAT-J0421A
29,2026-04-11T13:30:00+0000,2026-04-11T13:30:00+0000,1. FC Heidenheim 1846,1. FC Union Berlin,FCH,FCU,3,1,2,0,FINAL_WHISTLE,DFL-MAT-J0421D
29,2026-04-11T16:30:00+0000,2026-04-11T16:31:31+0000,FC St. Pauli,FC Bayern München,STP,FCB,0,5,0,1,FINAL_WHISTLE,DFL-MAT-J0421C
29,2026-04-12T13:30:00+0000,2026-04-12T13:30:00+0000,1. FC Köln,SV Werder Bremen,KOE,SVW,3,1,1,0,FINAL_WHISTLE,DFL-MAT-J0421E
29,2026-04-12T15:30:00+0000,2026-04-12T15:30:48+0000,VfB Stuttgart,Hamburger SV,VFB,HSV,4,0,2,0,FINAL_WHISTLE,DFL-MAT-J04219
29,2026-04-12T17:30:00+0000,2026-04-12T17:29:58+0000,1. FSV Mainz 05,Sport-Club Freiburg,M05,SCF,0,1,0,0,FINAL_WHISTLE,DFL-MAT-J04217
30,2026-04-17T18:30:00+0000,2026-04-17T18:34:59+0000,FC St. Pauli,1. FC Köln,STP,KOE,1,1,0,0,FINAL_WHISTLE,DFL-MAT-J0421M
30,2026-04-18T13:30:00+0000,2026-04-18T13:30:02+0000,Bayer 04 Leverkusen,FC Augsburg,B04,FCA,1,2,1,1,FINAL_WHISTLE,DFL-MAT-J0421G
30,2026-04-18T13:30:00+0000,2026-04-18T13:30:13+0000,SV Werder Bremen,Hamburger SV,SVW,HSV,3,1,1,1,FINAL_WHISTLE,DFL-MAT-J0421J
30,2026-04-18T13:30:00+0000,2026-04-18T13:31:14+0000,1. FC Union Berlin,VfL Wolfsburg,FCU,WOB,1,2,0,1,FINAL_WHISTLE,DFL-MAT-J0421L
30,2026-04-18T13:30:00+0000,2026-04-18T13:30:03+0000,TSG Hoffenheim,Borussia Dortmund,TSG,BVB,2,1,1,0,FINAL_WHISTLE,DFL-MAT-J0421N
30,2026-04-18T16:30:00+0000,2026-04-18T16:30:02+0000,Eintracht Frankfurt,RB Leipzig,SGE,RBL,1,3,1,1,FINAL_WHISTLE,DFL-MAT-J0421H
30,2026-04-19T13:30:00+0000,2026-04-19T13:30:03+0000,Sport-Club Freiburg,1. FC Heidenheim 1846,SCF,FCH,2,1,1,0,FINAL_WHISTLE,DFL-MAT-J0421I
30,2026-04-19T15:30:00+0000,2026-04-19T15:30:01+0000,FC Bayern München,VfB Stuttgart,FCB,VFB,4,2,3,1,FINAL_WHISTLE,DFL-MAT-J0421F
30,2026-04-19T17:30:00+0000,2026-04-19T17:30:17+0000,Borussia Mönchengladbach,1. FSV Mainz 05,BMG,M05,1,1,1,0,FINAL_WHISTLE,DFL-MAT-J0421K
31,2026-04-24T18:30:00+0000,2026-04-24T18:30:09+0000,RB Leipzig,1. FC Union Berlin,RBL,FCU,3,1,2,0,FINAL_WHISTLE,DFL-MAT-J0421Q
31,2026-04-25T13:30:00+0000,2026-04-25T13:30:01+0000,1. FSV Mainz 05,FC Bayern München,M05,FCB,3,4,3,0,FINAL_WHISTLE,DFL-MAT-J0421P
31,2026-04-25T13:30:00+0000,2026-04-25T13:30:02+0000,VfL Wolfsburg,Borussia Mönchengladbach,WOB,BMG,0,0,0,0,FINAL_WHISTLE,DFL-MAT-J0421S
31,2026-04-25T13:30:00+0000,2026-04-25T13:31:35+0000,FC Augsburg,Eintracht Frankfurt,FCA,SGE,1,1,1,0,FINAL_WHISTLE,DFL-MAT-J0421T
31,2026-04-25T13:30:00+0000,2026-04-25T13:30:56+0000,1. FC Heidenheim 1846,FC St. Pauli,FCH,STP,2,0,1,0,FINAL_WHISTLE,DFL-MAT-J0421U
31,2026-04-25T13:30:00+0000,2026-04-25T13:30:00+0000,1. FC Köln,Bayer 04 Leverkusen,KOE,B04,1,2,0,1,FINAL_WHISTLE,DFL-MAT-J0421V
31,2026-04-25T16:30:00+0000,2026-04-25T16:30:15+0000,Hamburger SV,TSG Hoffenheim,HSV,TSG,1,2,1,2,FINAL_WHISTLE,DFL-MAT-J0421W
31,2026-04-26T13:30:00+0000,2026-04-26T13:29:58+0000,VfB Stuttgart,SV Werder Bremen,VFB,SVW,1,1,0,1,FINAL_WHISTLE,DFL-MAT-J0421R
31,2026-04-26T15:30:00+0000,2026-04-26T15:30:02+0000,Borussia Dortmund,Sport-Club Freiburg,BVB,SCF,4,0,3,0,FINAL_WHISTLE,DFL-MAT-J0421O
32,2026-05-02T13:30:00+0000,2026-05-02T13:30:09+0000,FC Bayern München,1. FC Heidenheim 1846,FCB,FCH,3,3,1,2,FINAL_WHISTLE,DFL-MAT-J0421X
32,2026-05-02T13:30:00+0000,2026-05-02T13:30:01+0000,Eintracht Frankfurt,Hamburger SV,SGE,HSV,1,2,0,0,FINAL_WHISTLE,DFL-MAT-J0421Z
32,2026-05-02T13:30:00+0000,2026-05-02T13:30:19+0000,SV Werder Bremen,FC Augsburg,SVW,FCA,1,3,0,2,FINAL_WHISTLE,DFL-MAT-J04221
32,2026-05-02T13:30:00+0000,2026-05-02T13:30:46+0000,1. FC Union Berlin,1. FC Köln,FCU,KOE,2,2,0,1,FINAL_WHISTLE,DFL-MAT-J04223
32,2026-05-02T13:30:00+0000,2026-05-02T13:30:01+0000,TSG Hoffenheim,VfB Stuttgart,TSG,VFB,3,3,2,1,FINAL_WHISTLE,DFL-MAT-J04225
32,2026-05-02T16:30:00+0000,2026-05-02T16:30:48+0000,Bayer 04 Leverkusen,RB Leipzig,B04,RBL,4,1,2,0,FINAL_WHISTLE,DFL-MAT-J0421Y
32,2026-05-03T13:30:00+0000,2026-05-03T13:30:44+0000,FC St. Pauli,1. FSV Mainz 05,STP,M05,1,2,0,2,FINAL_WHISTLE,DFL-MAT-J04224
32,2026-05-03T15:30:00+0000,2026-05-03T15:40:22+0000,Borussia Mönchengladbach,Borussia Dortmund,BMG,BVB,1,0,0,0,FINAL_WHISTLE,DFL-MAT-J04222
32,2026-05-03T17:30:00+0000,2026-05-03T17:30:00+0000,Sport-Club Freiburg,VfL Wolfsburg,SCF,WOB,1,1,0,0,FINAL_WHISTLE,DFL-MAT-J04220
33,2026-05-08T18:30:00+0000,2026-05-08T18:30:00+0000,Borussia Dortmund,Eintracht Frankfurt,BVB,SGE,3,2,2,1,FINAL_WHISTLE,DFL-MAT-J04226
33,2026-05-09T13:30:00+0000,2026-05-09T13:30:56+0000,RB Leipzig,FC St. Pauli,RBL,STP,2,1,1,0,FINAL_WHISTLE,DFL-MAT-J04228
33,2026-05-09T13:30:00+0000,2026-05-09T13:30:19+0000,VfB Stuttgart,Bayer 04 Leverkusen,VFB,B04,3,1,2,1,FINAL_WHISTLE,DFL-MAT-J04229
33,2026-05-09T13:30:00+0000,2026-05-09T13:30:01+0000,FC Augsburg,Borussia Mönchengladbach,FCA,BMG,3,1,2,0,FINAL_WHISTLE,DFL-MAT-J0422B
33,2026-05-09T13:30:00+0000,2026-05-09T13:29:59+0000,TSG Hoffenheim,SV Werder Bremen,TSG,SVW,1,0,1,0,FINAL_WHISTLE,DFL-MAT-J0422C
33,2026-05-09T16:30:00+0000,2026-05-09T16:30:02+0000,VfL Wolfsburg,FC Bayern München,WOB,FCB,0,1,0,0,FINAL_WHISTLE,DFL-MAT-J0422A
33,2026-05-10T13:30:00+0000,2026-05-10T13:30:00+0000,Hamburger SV,Sport-Club Freiburg,HSV,SCF,3,2,1,1,FINAL_WHISTLE,DFL-MAT-J0422E
33,2026-05-10T15:30:00+0000,2026-05-10T15:30:05+0000,1. FC Köln,1. FC Heidenheim 1846,KOE,FCH,1,3,1,2,FINAL_WHISTLE,DFL-MAT-J0422D
33,2026-05-10T17:30:00+0000,2026-05-10T17:30:00+0000,1. FSV Mainz 05,1. FC Union Berlin,M05,FCU,1,3,0,1,FINAL_WHISTLE,DFL-MAT-J04227
34,2026-05-16T13:30:00+0000,2026-05-16T13:32:45+0000,FC Bayern München,1. FC Köln,FCB,KOE,5,1,3,1,FINAL_WHISTLE,DFL-MAT-J0422F
34,2026-05-16T13:30:00+0000,2026-05-16T13:30:22+0000,Bayer 04 Leverkusen,Hamburger SV,B04,HSV,1,1,0,0,FINAL_WHISTLE,DFL-MAT-J0422G
34,2026-05-16T13:30:00+0000,2026-05-16T13:36:01+0000,Eintracht Frankfurt,VfB Stuttgart,SGE,VFB,2,2,0,2,FINAL_WHISTLE,DFL-MAT-J0422H
34,2026-05-16T13:30:00+0000,2026-05-16T13:30:15+0000,Sport-Club Freiburg,RB Leipzig,SCF,RBL,4,1,2,1,FINAL_WHISTLE,DFL-MAT-J0422I
34,2026-05-16T13:30:00+0000,2026-05-16T13:31:03+0000,SV Werder Bremen,Borussia Dortmund,SVW,BVB,0,2,0,0,FINAL_WHISTLE,DFL-MAT-J0422J
34,2026-05-16T13:30:00+0000,2026-05-16T13:30:01+0000,Borussia Mönchengladbach,TSG Hoffenheim,BMG,TSG,4,0,2,0,FINAL_WHISTLE,DFL-MAT-J0422K
34,2026-05-16T13:30:00+0000,2026-05-16T13:30:06+0000,1. FC Union Berlin,FC Augsburg,FCU,FCA,4,0,2,0,FINAL_WHISTLE,DFL-MAT-J0422L
34,2026-05-16T13:30:00+0000,2026-05-16T13:30:02+0000,FC St. Pauli,VfL Wolfsburg,STP,WOB,1,3,0,1,FINAL_WHISTLE,DFL-MAT-J0422M
34,2026-05-16T13:30:00+0000,2026-05-16T13:30:01+0000,1. FC Heidenheim 1846,1. FSV Mainz 05,FCH,M05,0,2,0,2,FINAL_WHISTLE,DFL-MAT-J0422N
